{
  "model_config": {
    "n_t": 30,
    "duplicate_K": 10,
    "diffusion_type": "flow",
    "max_depth": 8,
    "n_estimators": 150,
    "eta": 0.3
  },
  "data": {
    "n_train": 24755,
    "n_test": 6189,
    "n_features": 7,
    "n_anomalies_train": 43,
    "n_anomalies_test": 11,
    "anomaly_ratio_test": 0.001777346905800614
  },
  "performance": {
    "roc_auc": 0.8304541040054152,
    "best_f1_score": 0.1643835616438356,
    "best_threshold": 11.578876820282595,
    "best_percentile": 99
  },
  "scores": {
    "min": 1.7588362947336125,
    "max": 29.5459363104323,
    "mean": 4.206898135114922,
    "std": 1.7840913181512723
  }
}