{
  "model_config": {
    "n_t": 30,
    "duplicate_K": 10,
    "diffusion_type": "flow",
    "max_depth": 8,
    "n_estimators": 150,
    "eta": 0.3
  },
  "data": {
    "n_train": 24755,
    "n_test": 6189,
    "n_features": 8,
    "n_anomalies_train": 43,
    "n_anomalies_test": 11,
    "anomaly_ratio_test": 0.001777346905800614
  },
  "performance": {
    "roc_auc": 0.8839724535742665,
    "best_f1_score": 0.136986301369863,
    "best_threshold": 14.261889160414025,
    "best_percentile": 99
  },
  "scores": {
    "min": 1.7582490690585735,
    "max": 32.96776884984685,
    "mean": 4.358973533024045,
    "std": 2.219152222929795
  }
}