{
  "model_config": {
    "n_t": 30,
    "duplicate_K": 10,
    "diffusion_type": "flow",
    "max_depth": 8,
    "n_estimators": 150,
    "eta": 0.3
  },
  "data": {
    "n_train": 24712,
    "n_test": 6232,
    "n_features": 11,
    "n_anomalies_train": 0,
    "n_anomalies_test": 54,
    "anomaly_ratio_test": 0.008664955070603338
  },
  "performance": {
    "roc_auc": 0.8508626788005228,
    "best_f1_score": 0.2222222222222222,
    "best_threshold": 16.450081819861865,
    "best_percentile": 99
  },
  "scores": {
    "min": 2.5885251584093734,
    "max": 34.59281420931631,
    "mean": 5.929906144246606,
    "std": 2.4666292010598356
  }
}