{
  "model_config": {
    "n_t": 30,
    "duplicate_K": 10,
    "diffusion_type": "flow",
    "max_depth": 8,
    "n_estimators": 150,
    "eta": 0.3
  },
  "data": {
    "n_train": 30940,
    "n_test": 7736,
    "n_features": 12,
    "n_anomalies_train": 34,
    "n_anomalies_test": 6,
    "anomaly_ratio_test": 0.0007755946225439503
  },
  "performance": {
    "roc_auc": 0.9780077619663647,
    "best_f1_score": 0.047619047619047616,
    "best_threshold": 15.845375981236964,
    "best_percentile": 99
  },
  "scores": {
    "min": 2.274280887514106,
    "max": 45.69885165883366,
    "mean": 5.280523996527191,
    "std": 2.5805619258864243
  }
}