{
  "model_config": {
    "n_t": 30,
    "duplicate_K": 10,
    "diffusion_type": "flow",
    "max_depth": 8,
    "n_estimators": 150
  },
  "data": {
    "n_train": 11520,
    "n_test": 3230,
    "n_features": 14,
    "n_anomalies_test": 30,
    "anomaly_ratio": 0.009287925696594427,
    "fault_distribution": {
      "0": 3200,
      "1": 10,
      "2": 10,
      "3": 10
    }
  },
  "performance": {
    "roc_auc": 0.9941041666666667,
    "best_f1_score": 0.8571428571428572,
    "best_threshold": 8.31023461819068,
    "best_percentile": 99
  },
  "scores": {
    "min": 2.7217685113779106,
    "max": 63.124609117622555,
    "mean": 5.434543520246052,
    "std": 2.6797807111204137
  },
  "detection_by_fault": {
    "1": {
      "detected": 7,
      "total": 10,
      "rate": 70.0
    },
    "2": {
      "detected": 10,
      "total": 10,
      "rate": 100.0
    },
    "3": {
      "detected": 10,
      "total": 10,
      "rate": 100.0
    }
  }
}