{
  "model_config": {
    "n_t": 30,
    "duplicate_K": 10,
    "diffusion_type": "flow",
    "max_depth": 8,
    "n_estimators": 150
  },
  "data": {
    "n_train": 11520,
    "n_test": 3230,
    "n_features": 14,
    "n_anomalies_test": 30,
    "anomaly_ratio": 0.009287925696594427,
    "fault_distribution": {
      "0": 3200,
      "1": 10,
      "2": 10,
      "3": 10
    }
  },
  "performance": {
    "roc_auc": 0.9993749999999999,
    "best_f1_score": 0.888888888888889,
    "best_threshold": 7.988468902544504,
    "best_percentile": 99
  },
  "scores": {
    "min": 2.5671305347153917,
    "max": 70.44138747428674,
    "mean": 5.042905049034457,
    "std": 2.9038191277154706
  },
  "detection_by_fault": {
    "1": {
      "detected": 8,
      "total": 10,
      "rate": 80.0
    },
    "2": {
      "detected": 10,
      "total": 10,
      "rate": 100.0
    },
    "3": {
      "detected": 10,
      "total": 10,
      "rate": 100.0
    }
  }
}