{
  "model_config": {
    "n_t": 30,
    "duplicate_K": 10,
    "diffusion_type": "flow",
    "max_depth": 8,
    "n_estimators": 150
  },
  "data": {
    "n_train": 11610,
    "n_test": 3230,
    "n_features": 14,
    "n_anomalies_test": 30,
    "anomaly_ratio": 0.009287925696594427,
    "fault_distribution": {
      "0": 3200,
      "1": 10,
      "2": 10,
      "3": 10
    }
  },
  "performance": {
    "roc_auc": 0.8394895833333333,
    "best_f1_score": 0.5531914893617021,
    "best_threshold": 6.778293985774926,
    "best_percentile": 99
  },
  "scores": {
    "min": 2.1473464190483806,
    "max": 15.235483790193356,
    "mean": 3.9959122447628714,
    "std": 1.0306182079613482
  },
  "detection_by_fault": {
    "1": {
      "detected": 4,
      "total": 10,
      "rate": 40.0
    },
    "2": {
      "detected": 4,
      "total": 10,
      "rate": 40.0
    },
    "3": {
      "detected": 5,
      "total": 10,
      "rate": 50.0
    }
  }
}